u_q,coolant,stator_winding,u_d,stator_tooth,motor_speed,i_d,i_q,pm,stator_yoke,ambient,torque
0.0254954561774945,0.4899478258031981,0.4069122024790627,-0.0128618558956972,0.4987952126854451,7.48585288884787e-07,-0.1192629536530512,0.3588306566497969,0.6364298422395195,0.5232916658814526,0.7862081779553616,0.3065285861399884
0.2239117436639952,0.4897940903912857,0.4072827686240568,-0.8999497391221255,0.4987927524650629,0.6686637892084482,-0.6461406034355126,0.2961497792757078,0.6435158839495821,0.5232252882540894,0.7712472602496196,0.3346381550132634
0.2229284133338037,0.4900643626326746,0.416876639720748,-0.9659250923369298,0.4988147280697951,0.7131299498588308,-0.695005700125463,0.2949921960552099,0.6382428655062692,0.5229468810617601,0.7660380595940227,0.3558132165927263
0.6495134077613139,0.4898672942433537,0.4300004793951847,-0.7192053140007479,0.5030476861724253,0.7107888388344357,-0.4510410754741682,0.2068022719756929,0.6402724692089258,0.5243753289685513,0.766402982529753,0.2176486604157527
0.7336185318008069,0.4894763695619013,0.4415918518286651,-0.6622525618228602,0.5123755596009884,0.7273751784696124,-0.4100043610686645,0.1819286084488848,0.6398434832717088,0.5261431017944571,0.7685004503917254,0.1867556098373366
0.7904651800117981,0.4895806226173997,0.4488654954021785,-0.5854002227276992,0.5180198832885368,0.7953823285959319,-0.411318147692236,0.1434394141754546,0.6432316860399054,0.5272655010237283,0.7684042260371249,0.1472053302336563
0.7690068175077519,0.4897201318515575,0.4543510200980614,-0.6102269834697858,0.5236104041871161,0.829595080717595,-0.4367691920187778,0.1434865779213427,0.6410257250176887,0.5282430444584515,0.775390235634945,0.1498039240361893
0.469531889443852,0.4896466660501125,0.4571304285767963,-0.8448627052709294,0.528315307748553,0.8782563356889768,-0.5920272322382247,0.1963088707791165,0.6434861519887567,0.5332489781827893,0.7743207688678009,0.2244820759116257
0.3660222932709091,0.4898300682035219,0.462778335946251,-0.9105516430947292,0.5334283094318445,0.8999507187907678,-0.6424671270358528,0.2086885997232529,0.6453415298945026,0.5348380304957997,0.771198830197613,0.2423433593875921
0.864815129429325,0.4900546756796355,0.4753135587309555,-0.4049989107708264,0.5404504647620934,0.9437918827914614,-0.4339713539573913,0.0778719288042187,0.6471361764018156,0.5357465576967637,0.7741982257574449,0.0810239431493775
0.9573058371750818,0.4901277768870364,0.4854747849170521,-0.1156638444765752,0.5476365961850816,0.9285075382364542,-0.3861469417686995,0.0128084481054209,0.6491904798627484,0.5386363499781486,0.793052666234445,0.0116389601785179
0.7809669195288652,0.4900121313254531,0.4879849520869223,0.5511184503811553,0.553929313383316,0.8951407499402677,-0.4452979941680476,-0.152493166434755,0.649821479455339,0.5428086751872131,0.7829915647836098,-0.1637486664492169
0.5051773523055287,0.4900423451679781,0.4901937119930007,0.8476573102168065,0.5581986617596693,0.8959845571998897,-0.5629417470467147,-0.2396239647235503,0.651697812694146,0.5483784663584097,0.7777057809402815,-0.2624404688266892
0.7470063810208886,0.4900444831532959,0.4980171630591498,0.6313700024956588,0.5642476557327134,0.9311565248404384,-0.4699705991100845,-0.1673724971484417,0.6519705778948365,0.5518187786126545,0.7787670310568914,-0.1804830808765258
0.5380266365473491,0.4901892258846221,0.5052982829986176,0.8233397072822694,0.5709581537207948,0.9172680969578324,-0.5525788735637075,-0.2263257680000234,0.6527932255732967,0.5522642997702227,0.7759166570151611,-0.2478574378664781
0.7713223464583568,0.4900707879931088,0.5098145093500634,0.5759975800644351,0.5753910784604616,0.9297115414973915,-0.4589578589460134,-0.1549065476890728,0.6540825175758067,0.5547217519979107,0.7769679610229189,-0.1670102371034444
0.954645202253216,0.49012798993029,0.511433708248009,0.0047660099412123,0.5812217936703138,0.958839932837966,-0.3960083661981222,-0.0163126294554718,0.656977130465909,0.5572949048632293,0.7721182983272672,-0.0183536291176804
0.8423265152586147,0.4900029029200051,0.5151562138777541,-0.4866294875284555,0.585064496675033,0.9758441846205538,-0.4515612970028642,0.0908381858021489,0.6580616639685446,0.560071805091545,0.7792932865621938,0.0959186987874625
0.3755609376637717,0.490230221230598,0.5234576492900687,-0.8811669115560354,0.5858536274766638,0.9286400295211404,-0.6404660941972651,0.1953330127748747,0.660003790479278,0.5629405960257622,0.8116973441048467,0.2255127316922202
0.2146664922377416,0.4902266510233301,0.5339842955680236,-0.9658472523877368,0.5874830216113941,0.9270602724616058,-0.7084471158294465,0.2167962573300529,0.6683713574449667,0.5673102050566331,0.8295083685770122,0.2539142336415605
0.637224644093887,0.4904548189745847,0.552617514368647,-0.6906434686544044,0.5987293773637031,0.9121381224528076,-0.5182367743868828,0.1495133500515476,0.6655963493475381,0.5685905026321134,0.8183316706973955,0.1645221907176487
0.5199990297378841,0.4901264070309712,0.5569513712059067,-0.8217770292053053,0.604074233978359,0.8632449046541482,-0.5594451745476272,0.1940762745483982,0.6684884357883876,0.571661947195814,0.8180503867441922,0.2111360847217503
0.3253729825018568,0.4902580725939656,0.5602021943857325,-0.930114635546138,0.6139463519032886,0.8902239935347757,-0.653198825164506,0.2164507514796752,0.6717463106206023,0.574731882219949,0.8119571821172383,0.2496857860302181
0.3767412186213009,0.4904021322210167,0.5672591774459131,-0.9066596121422482,0.61760173279622,0.8810074964504213,-0.6284266537385756,0.2119928797868302,0.6721962950901249,0.5771181352096373,0.7976934132464862,0.233790717369821
0.4549017600401142,0.4905458199115933,0.5764598480417295,-0.8678749910891773,0.6216266240312914,0.8601552281488672,-0.5875965744876719,0.2063584291059038,0.6760235016295173,0.5802227156163526,0.8024344238533481,0.2265548875390448
0.2461896786429041,0.4902343330983637,0.5857838023059496,-0.94626780325577,0.6300682878006061,0.8374989459049779,-0.6850396666130856,0.2379378072098243,0.6766804108499389,0.5825208006436865,0.8075096955496512,0.272738073170914
0.2632891354754951,0.4905023676241232,0.5919747470186781,-0.9535653255832464,0.6343619020364717,0.8081771342089817,-0.6732445666401021,0.2494287579885966,0.6747939682607893,0.5861926061012529,0.8072586022092761,0.2896885787528404
0.2271723175339383,0.4905768261482119,0.600399652966017,-0.9674119161384924,0.6401868663970385,0.7860058595859368,-0.6887914601711755,0.2620624743959074,0.679232169466663,0.5887753255673032,0.8071712745000382,0.3162096738954835
0.2378533668203872,0.4905635340596322,0.6088627556668328,-0.961944444415702,0.6436794797490205,0.7683219068541685,-0.6813766624683488,0.2681388190734966,0.6851348781137054,0.5917859785661309,0.7836109839376293,0.3063448169050491
0.2716413696089342,0.490225818054481,0.6181695776498909,-0.9493404215378456,0.6442317757291679,0.7485543397292539,-0.6601750721949289,0.2713079382808814,0.6893303094771579,0.5966505151433282,0.7683793274668519,0.3022946372400147
0.707802330741805,0.4904283220502332,0.6281663708337898,-0.6224883251786616,0.6442514783322892,0.7535555897415557,-0.4271983238743309,0.1649574509793217,0.689205367288601,0.5993120130929263,0.7759266846295276,0.1714777823453759
0.7729406243136985,0.4906082497749133,0.6309426748248318,-0.5999255801240267,0.6619818599365888,0.7064905534293277,-0.3690390161998161,0.1695551057710839,0.6896779123143848,0.6027726872950415,0.7725600295921646,0.1700938589315409
0.9536385181854344,0.4904944026831515,0.6287866057685203,-0.1481772582810868,0.6709075684084226,0.6953511498041461,-0.2571026058373156,0.0355835244103145,0.6893326643408403,0.607574830131235,0.7678991018132849,0.0314281789657984
0.7094850794803749,0.490205178167618,0.6236002124343418,-0.6462185816512533,0.6737331795343281,0.6752287002763495,-0.3904265901658502,0.1932379515970976,0.6886252644089338,0.6100348333523732,0.7743357868140863,0.1971204014922139
0.7401461377489084,0.4904403672676839,0.6191521173272257,-0.6490783670765412,0.6736864231277091,0.658616222129143,-0.3633793081908756,0.1979967434326451,0.6873598111216817,0.6127077715848274,0.7653652517176632,0.1975665085651895
0.6815267825561188,0.4906916662739622,0.6147890008780229,-0.7128086936113526,0.673886626728066,0.6408205602662839,-0.3909569921463859,0.2277521979030953,0.6887813434034518,0.6155035512792001,0.7646854292963129,0.2304009281837188
0.7851433355884857,0.4902873652127537,0.6121992929194361,-0.5960543376492802,0.6738911328992859,0.6173621215894308,-0.310500491912062,0.1946455010140878,0.68993036551347,0.6170904926387182,0.7716280027956898,0.188454162205101
0.6175625591553677,0.4899852717882152,0.6092619653293285,-0.7766554905051147,0.6738156262763212,0.5410401704354802,-0.3781266119155756,0.3056872509810056,0.6858809888958518,0.6187053543590678,0.7593647855022271,0.304960024093393
0.5386279036800997,0.4905225653072499,0.6045959705627476,-0.8321976377235827,0.672813425551255,0.5205192984329928,-0.4266116607438233,0.3486488555923409,0.6861882107148624,0.6205597800466393,0.7581615751310692,0.3539811766114947
0.6871802767685518,0.4909458655428868,0.6054970655850226,-0.7099127747150835,0.6734740343196907,0.5136609338527303,-0.3056336192021342,0.2916753667263915,0.686324242135731,0.6221627372984951,0.7654990400342174,0.2811676617659894
0.7949810255778084,0.490426350178365,0.6036191752971691,-0.5811775917744917,0.6729931462112021,0.5321388632415813,-0.2400897888791423,0.2246121612511458,0.6850355454542822,0.6233731667575723,0.7689581660603009,0.2096641590259522
0.765843632147939,0.4900298676729032,0.6015503401005977,-0.629906596145093,0.6729302025761925,0.5166525617891969,-0.247906598678289,0.2532071042438562,0.6850094932225588,0.6240390448030011,0.7673777130798123,0.2365618185585267
0.7628978674270009,0.4902933945403487,0.5998660482530103,-0.6339357101731753,0.6687347687547789,0.5199635570262688,-0.2534299919893623,0.2531798773636029,0.6836625742460181,0.6254272150785112,0.769308930358541,0.2372792403220687
0.4453798083765485,0.49031789076057,0.5973448408983862,-0.8775013231207759,0.6668035933496242,0.4538558638344411,-0.4679730030580442,0.4374084683233805,0.6843487115729129,0.6268932732151522,0.7651454947619045,0.4472983688218623
0.41040588848144,0.4901251348126534,0.5967233171563493,-0.8980484316758139,0.6636067511471042,0.4649399790081794,-0.5038278566636307,0.4350802346808249,0.6821061867664614,0.6267649282389836,0.7665217530695662,0.4502138005748917
0.1970747811546499,0.4899613978027682,0.6026011634440517,-0.9712408572343694,0.6652696437045831,0.4377375808414055,-0.6889859407631976,0.5207472126351641,0.6813643938824983,0.6282166013146813,0.7763826784451372,0.5692379715204838
0.244619283057812,0.4908252294658508,0.6124217011168291,-0.956876767377096,0.6693412632213698,0.3790261308297547,-0.6270319246561724,0.6058729783095708,0.6879075926422732,0.6279199579203993,0.7840050846730542,0.6396696004930759
0.1811079049722661,0.4905577593077803,0.6264972049990515,-0.9765970853074836,0.6735002331948383,0.4203187846633295,-0.7010938000905763,0.5492766250405122,0.684096612533877,0.6310691075064915,0.7677779384431593,0.5949886444096194
0.0980685936751184,0.4897557604642852,0.6426585461685779,-0.9894507602758144,0.6762517181968302,0.4234872072600379,-0.7825471346172135,0.5578977106622784,0.6856976050138802,0.6323524762731011,0.779944678870603,0.6209077357284022
0.3865693710209322,0.4896431531280321,0.6531390630824827,-0.912877137092913,0.6801225150168559,0.4132582137868226,-0.4959215802407781,0.5101729355415477,0.6883033004916941,0.6327949713003193,0.7845130979365443,0.5222474473085567
0.6134586475548542,0.4903584892466364,0.6581306746473589,-0.7787886021445781,0.6865025173142173,0.4046786410991423,-0.2607135600126797,0.4279687978537879,0.689335022927234,0.633514280609196,0.8050919515805559,0.3986778631806684
0.4372364462385423,0.4907428191550626,0.6602742136113398,-0.8925479649640848,0.6947373148144523,0.4187308962127842,-0.4490351863724571,0.4871716024846593,0.6908394781451325,0.6359500442276658,0.7979511855283995,0.4914546517393236
0.4631135202690687,0.4900068841354209,0.6602348438027043,-0.8778407270445446,0.7027371172597489,0.3955189062399999,-0.4059054747534851,0.510271999213383,0.686077585669194,0.6375806058107449,0.7843513958328736,0.5046503637214851
0.4672148571518927,0.4895176197195922,0.6630900185448307,-0.8726336985748546,0.7030623735223285,0.4147314544065833,-0.4137077107266831,0.4793859952431605,0.6884167393173974,0.6405429375254504,0.7891814298532306,0.47664368403973
0.5963078346304488,0.4904302347161205,0.6623569183611632,-0.7934942801456321,0.7030739767120759,0.4278133806634507,-0.3034468365589259,0.4100697105168849,0.6918153982295902,0.6416457807114533,0.7729537585884994,0.3908530482800498
0.6597142719559247,0.4914134792179945,0.6617306907499898,-0.7407982508518655,0.7030743906441896,0.4350283380316062,-0.2529427028761702,0.3713003185447456,0.6885071684731714,0.6435016000536516,0.7688801136618204,0.3457169059907178
0.7720333861040878,0.4897200283024581,0.6562909739937959,-0.4182940424805514,0.7030744054108015,0.385355607296069,-0.0582222209241693,0.2219093262057923,0.6884371618453881,0.6447005285290358,0.7837089978741876,0.1823545593752779
0.7588870420118206,0.4892713172913913,0.6506345201185911,-0.4296730029639081,0.7030744059375854,0.3763559541441345,-0.0563280470035968,0.2349487582602471,0.6864714499653682,0.6457968676557332,0.8051251907119875,0.191991717146559
0.8405175652245105,0.4901417312349668,0.6428235965223054,-0.3452485644519252,0.7030744059563782,0.4080946261500449,-0.0347695713679481,0.1699097757217567,0.686498692816073,0.6466126302108527,0.7894315120787873,0.1358425988139875
0.9462919807331768,0.49030085244285,0.6362314897942047,-0.2379181149214623,0.7030744059570482,0.4542732557770625,-0.0183491254342061,0.1030754742957501,0.6855230771429605,0.6477041821604966,0.7704992243559613,0.0809958906005793
0.919297893845986,0.490171091449447,0.6274397649581887,-0.2499266491062302,0.7030744059570713,0.4416246175674302,-0.0204847422833819,0.1120431356685015,0.6853099902059988,0.6475651395591542,0.7681018014752606,0.0877017036118521
0.909957623731856,0.4902534881003912,0.6187964120112471,-0.3881652250549054,0.693789029559226,0.4924594972696189,-0.1083629103730846,0.1589047674686419,0.6822835634195853,0.6469186161586203,0.7669366333409857,0.1361636307510967
0.9736301996451368,0.4898836323236946,0.6122840665316959,-0.1479444526812459,0.6887663893372427,0.539569741263628,-0.1039247021327361,0.0501545651497235,0.6833867994715981,0.6475901340952811,0.7773363301409637,0.0408505611654747
0.9272970050173897,0.4904447929223216,0.6036642689221546,-0.3277814420172367,0.6849053554015992,0.5119898606223002,-0.116430816791886,0.130320055746161,0.6829812755679844,0.6462868032221959,0.7721172838707445,0.111133101635611
0.7829044759265109,0.4902040598559628,0.5993127979825855,-0.6015229767182383,0.6795359591299464,0.5027289173152426,-0.2227027710401359,0.2486874193880096,0.6820483307573151,0.6453887398587868,0.775439734089252,0.2292067511196794
0.8873353183563654,0.4900529045122154,0.5949389363582374,-0.4351810808123827,0.676276770583149,0.5047476894068386,-0.1424468574429804,0.1749028406035019,0.6815494791990386,0.6444817168927968,0.7811815445892581,0.1526774533788193
0.9486682409754263,0.4894841350864316,0.5918355134808245,-0.1944429560870657,0.6742712466359388,0.4627417041665897,-0.0277861269093006,0.0837773669343924,0.6801924100780047,0.6435384061564234,0.7902298461499121,0.0657329245577337
0.928072210904776,0.4900960014308851,0.5859444378282641,-0.2198206800999308,0.6739050085041874,0.4450043148099041,-0.0180059002154579,0.0970359033199023,0.6801066935875485,0.6421315447091792,0.7765937001146359,0.0752828498036474
0.7718046633486823,0.4892874148636914,0.5806247290650504,0.0897691199916711,0.6682701269769252,0.3764480189841391,-0.0120052486268027,-0.0481948915676117,0.678744214215418,0.6410906660297185,0.7912528399005018,-0.0425136457133014
0.6904852581330815,0.4899993920168011,0.5756682358270822,0.3467211673340092,0.6625925273103938,0.3565055485739752,-0.0414116713042223,-0.1988091175820804,0.6781635251906892,0.6398074539365837,0.776929408718113,-0.1680969043543647
0.6320459150267658,0.4891434798366962,0.5689050978395392,0.3823929298759905,0.6471801070474985,0.3336771236948813,-0.0545657142972581,-0.2398104040056055,0.6766986076331523,0.636746340222507,0.7816167010354992,-0.2037517801934663
0.5744075931432128,0.4893212866777071,0.5662403277918835,0.4464146089687562,0.6443566570841248,0.3192787435073093,-0.0868948018821043,-0.3028532254234728,0.6750708334840453,0.6348573572172426,0.7735467700689596,-0.2613476742278419
0.6166324657468741,0.4899636265795402,0.5626492173739216,0.4844521151695714,0.6442559333489152,0.3415438451043247,-0.0853538630319293,-0.3069912515876258,0.676077749346478,0.633271472690986,0.7766400390282693,-0.2650411641164559
0.5429177591584388,0.490319439258059,0.5609887446867527,0.2863971500018498,0.6442523401310553,0.2833925957668297,-0.0440790222919311,-0.2061626486852545,0.6752972506148641,0.6326123284244038,0.7889221594980361,-0.174640677316004
0.5250678751889246,0.4889388419577255,0.5581369932707997,0.1873872218391769,0.6442522119466253,0.2667225504303812,-0.0279064280916623,-0.1415755845445316,0.6738373940114754,0.6310857438335505,0.8067216385976169,-0.119834746252453
0.3919945112801065,0.4897494909079389,0.5568535836823594,0.3034925920407446,0.6438790809156594,0.2218251455895076,-0.0877302104711673,-0.2998628401906167,0.6733448380034962,0.6286113334645852,0.8089592665055398,-0.2595087545467636
0.3182322936230454,0.4897552960975561,0.5567733359821598,0.2973074643317067,0.6411519498263208,0.1890918243324786,-0.1082799941013048,-0.352612715691616,0.6726198580594505,0.6248800325800511,0.7812835263781122,-0.3071941347509448
0.3310584785754247,0.4901580026879235,0.556658120201024,0.3405816070858155,0.6388748423592866,0.2003184316609093,-0.120696665959303,-0.3851234644532205,0.6711468266011402,0.6235093424742326,0.7632900145112463,-0.3373358958495379
0.348019768043791,0.4892836962516451,0.5523694318955503,0.4281377052024077,0.635304301609497,0.221110606400068,-0.1519360343227121,-0.4486838382207099,0.6715053001510627,0.6218635605311265,0.7674890252449751,-0.3984230558741621
0.3596035572920802,0.4897769514105407,0.5548169118529555,0.4250010025453853,0.6322334970843307,0.2246239467188617,-0.143466495692892,-0.4369886965742062,0.670397383654821,0.6193487316759511,0.7901658268724093,-0.3862546464934896
0.4007904397920431,0.4884619758760165,0.5519148590314066,0.6152395006724762,0.6313743641912458,0.2745428074518899,-0.203129130647703,-0.5376009477053851,0.6711249016138637,0.6177721882431512,0.8038505693699374,-0.4870968535679941
0.3817157445158259,0.4898442481088357,0.5563357304430484,0.4279286179187329,0.6302695507385161,0.2347995279569477,-0.1342429599491513,-0.4115000582382087,0.6712739404551795,0.6154534061968318,0.8072411460247266,-0.3628493173108621
0.4541845301847892,0.4895485504006957,0.5566332427363955,0.3387765160806245,0.6301261301073978,0.2516398653341979,-0.080061984634608,-0.2914002604688848,0.6679540825411452,0.6148758419706958,0.7886124588041779,-0.2507417526236017
0.4944371465474784,0.4899490816419371,0.5562971229546828,0.2725039935539853,0.629851880267531,0.259459354362537,-0.0461570340086744,-0.2168912390062262,0.6684190995871796,0.6135869504033864,0.7715451748000224,-0.1835843782561202
0.4052779439217121,0.488704520554303,0.5464979890727693,0.1938448983811984,0.6259142670040944,0.2116545595316951,-0.0393338665333304,-0.1879979504124696,0.6679466268755028,0.6119952830586058,0.7579843648311579,-0.1589267939145407
0.3476155907204726,0.4896873969708588,0.5399067722025338,0.2150625493343341,0.6223149539202236,0.1872297187113085,-0.051836934473513,-0.2413044688043446,0.6666362872086538,0.6112213091986586,0.7553702229320721,-0.2045933170349205
0.2706292495438548,0.4888336453701181,0.5356372155932376,0.2090596240228137,0.6192839588566381,0.1557258746655951,-0.0831721722618579,-0.2935624100697123,0.6666416738044538,0.6103283351013524,0.7548993039510028,-0.2529467290264546
0.2534419333917015,0.4897199860749343,0.5341081268689428,0.2572788906466258,0.617377886354314,0.1557018438927575,-0.1165633560441297,-0.3747479076082096,0.6660489207874901,0.6084014346615384,0.7725199337270562,-0.3276446219488942
0.2627801513707538,0.4886347694812006,0.5335949547879221,0.1694272402195063,0.6157174872399354,0.1449347454746902,-0.0561880274419202,-0.2487534977683486,0.6653672649136385,0.6072323689209225,0.7803285544431192,-0.2115608717024118
0.1954299997280264,0.4899010640207097,0.5306618638718557,0.1780178940909471,0.614923629532938,0.11965738986054,-0.1016312485419456,-0.3368273069282858,0.6640031770236458,0.6035112444889726,0.7793852125204991,-0.292754348635392
0.1712135410540053,0.4881179669590788,0.529663987296941,0.2034002864205059,0.6107228893064608,0.1139384504877883,-0.1343203042256686,-0.4170958616362254,0.6637927747207294,0.6013579976490031,0.7779760457534064,-0.3673055087369639
0.0611027036534261,0.489502216103661,0.5273933545090068,0.1099146308965998,0.6077852459231061,0.0566138809109924,-0.1769022601927634,-0.4908720509787792,0.6611833189062801,0.5998976876105411,0.7754251268419631,-0.4404979230374238
0.0464605758377844,0.4890928947585198,0.5258380289122087,0.0607088022384242,0.6036168313470349,0.0398559085507824,-0.1014117738642015,-0.3395340551204227,0.6613829324632503,0.5992257322687006,0.7643549840735658,-0.2958348887316203
0.0439569784506791,0.4899606721292648,0.5262748642284724,0.0186163537392557,0.6009587443563819,0.0292289602003298,-0.0317471531382599,-0.1625221898359212,0.6615765464564711,0.5972273575885175,0.7595460049173016,-0.1377132095171523
0.0928358880742503,0.4878847134735986,0.5155483953229217,0.0648038054617494,0.5998510509715776,0.0580577426031905,-0.0567024971846662,-0.2414619833736683,0.6607155538915683,0.5947096741735093,0.7605907022282956,-0.2056483214295224
0.0427576362550846,0.4896175105591245,0.5105337605703507,0.0364643481249172,0.5946802578730552,0.0327068872679532,-0.056741074084386,-0.2506254114312454,0.6604188904732403,0.592806055265939,0.7769029912933365,-0.2130633946452339
0.112703453526096,0.4896254777651269,0.5102009011618491,0.1134012982848554,0.587934429076909,0.0755017884271421,-0.1054120960515365,-0.3433007448026738,0.6595344478471754,0.5918628485393007,0.7714475009099597,-0.2988205373468444
0.1774017500563605,0.4900983650340851,0.5101890267375248,0.0939153612949564,0.5859629119563116,0.0987760593392086,-0.0461760668331344,-0.2015804753841659,0.6590784853629725,0.5912758283659214,0.7788651535391928,-0.1712838484751979
0.2719517181805421,0.4881880170507714,0.510179735182105,0.1357779050948647,0.5858887384422036,0.1451329402142823,-0.0413482207540786,-0.1938914705313708,0.6589465746364201,0.5887426536848004,0.8007163263823575,-0.1638584017433037
0.2741618592922241,0.4893189551903927,0.5096785985458859,0.1941752873565089,0.5858562048466848,0.1536220862361513,-0.0685621022108352,-0.2728547203290868,0.6579486665631734,0.5881739982382397,0.8058527271709199,-0.2334179679702809
0.3213805882236506,0.4891249027306327,0.5074297289368908,0.1679244080149152,0.5854337885906181,0.170681555507856,-0.0440758063424339,-0.2046039607637529,0.6572492360102321,0.5870462314900953,0.7953040880418617,-0.1731744039632716
0.387999757764803,0.4900088706129805,0.5051398700688106,0.2054820521038587,0.5839221096984825,0.2040045309678184,-0.0432712313130637,-0.2069085621476515,0.6566754221500304,0.5852753654458949,0.7975863475638257,-0.174958796901972
0.3796947791060227,0.4896184592234646,0.5020895748846111,0.2398850913143715,0.5820534551434562,0.2042081320073604,-0.0556939461877352,-0.2485442136721276,0.6559221449888585,0.5848899822558015,0.7796081241307109,-0.2111687680848927
0.3985891001425229,0.490054426130906,0.4994691113942396,0.2967366646039345,0.5803410717256501,0.2216226785974105,-0.0785559797752218,-0.2886328895276269,0.6554262618017229,0.5841861775655409,0.7776661059008703,-0.2481081536178893
0.4027806251210771,0.4891027990006781,0.4988063136217667,0.4382140406886629,0.5795638742354605,0.2440492608006395,-0.1325248247075672,-0.4102481888212282,0.6503263145231243,0.5828342390153975,0.7829617680498201,-0.3612383912813928
0.4527346342244361,0.489882923192891,0.4990193166076485,0.4719239481501925,0.5790503933901258,0.2688944954049852,-0.1250673539983142,-0.3978728494488164,0.6541010630009907,0.5824627723604046,0.7993631163608211,-0.3489167137821039
0.471444726849473,0.4891496199206205,0.4989903186030673,0.4648723337854447,0.5790107242609841,0.2763887360951399,-0.1178127783238165,-0.3777150086309406,0.6542491249752893,0.5812746612510681,0.8073766697958003,-0.33030636020182
0.408217922853467,0.4901392687280425,0.4989515119824864,0.377178724843289,0.5782492475488391,0.2376852999612184,-0.1078691768286844,-0.3529690195073675,0.6535425088963651,0.5811995237495446,0.8076698940463588,-0.3074478966501773
0.3585611319596715,0.4894260833602705,0.4990898585713034,0.3604855456970509,0.5776287042819948,0.214085113555157,-0.1176629200341426,-0.3793954771248973,0.6533977234591986,0.5811665893696872,0.8080870075594664,-0.3317689591375972
0.2522257080946668,0.4897089803991039,0.4987620358652908,0.2523708551808304,0.5756737059355855,0.15431284117966,-0.116083631538736,-0.3716767862423164,0.6525992037684997,0.5812055709778934,0.8076758174089373,-0.3249212603721036
0.2082156469183064,0.4894253240344901,0.4985899769193815,0.2292293940946611,0.5760626265256621,0.1324718241138107,-0.1259311473616705,-0.3972384969662414,0.6516442094698544,0.5795967601668223,0.807741072256696,-0.3486077009187722
0.1663560572230201,0.4901760654428171,0.4974987224514812,0.2569620765945253,0.5743968840174776,0.1224380997474217,-0.1888154431596083,-0.5127661928086843,0.6519682813035133,0.5784803184499485,0.8084857896981811,-0.4621841806859048
0.1169590747533332,0.4882713140507588,0.4976704780444613,0.226065710978856,0.5728273610900262,0.0993120259209298,-0.2231402483095884,-0.5730598359679112,0.6526067844803187,0.5776136374563478,0.8087798158326234,-0.5225930850019385
0.118814870091298,0.4898650512853415,0.5014773994065285,0.2075162423583414,0.5731091818430071,0.0963158497932473,-0.2043380219736853,-0.5386666775828336,0.6513413062125164,0.5769906020962059,0.8077654077930303,-0.4881889506072558
0.1739015704038405,0.489903439107893,0.503020236041253,0.2828482108325955,0.572849262260067,0.1301209012660262,-0.2033362576787852,-0.537081132174308,0.6493472997196059,0.5764111298169617,0.8097036243586987,-0.4865741732013214
0.176678149442291,0.4903105303839534,0.50736059160509,0.2837044049246296,0.5730186429039162,0.1310894006510457,-0.1980658905911949,-0.5297770372841674,0.6514490676260142,0.5757050487770481,0.8107769512088031,-0.4789018982492296
0.221132795072784,0.4879788781282445,0.5083083748387236,0.3616634858266897,0.573411679810808,0.1618392054117633,-0.2088839122764791,-0.5481200674137116,0.6494720679783181,0.575659823977023,0.8109157190356917,-0.4974738621566442
0.2054468122465929,0.4895288178507082,0.5100717620625014,0.2948403688978749,0.5745845098074782,0.1435408807264611,-0.1769034779595836,-0.4931678981193376,0.6491495171888061,0.5755178585371361,0.8075206149863977,-0.4423019537574194
0.2175579886326218,0.4891031754805815,0.5101844198301537,0.2619869067989818,0.5753610443525479,0.1415359569964338,-0.1410410215860272,-0.4326743507261418,0.6485737624503027,0.5760301366958448,0.8077208028671451,-0.3819922772696251
0.2461693738972714,0.4900319432118325,0.5101878969969328,0.305135845086165,0.5770160934262236,0.1603293849511873,-0.1499668596042369,-0.4453190172323253,0.6477258722918022,0.5763504453657282,0.8074980582621228,-0.3950700632238154
0.2718151568625273,0.4892859514021019,0.5101885628270321,0.1937513786375851,0.5783496930689839,0.152313218574228,-0.0672517347972774,-0.2741269416024918,0.6474209558918063,0.5756392262971735,0.7963500064442492,-0.2344768804283393
0.2957565697567301,0.4900854421062963,0.5101714920638573,0.093284807650638,0.5788050249051473,0.1503879731484247,-0.0185802301625549,-0.1229813132730282,0.64635508384813,0.5763178154055724,0.805394145500007,-0.1039064323453652
0.325819063533816,0.4882247249369642,0.5094974372251581,0.1992761961857303,0.5783874330388608,0.1759347861821008,-0.0537773097670315,-0.2386458830805343,0.645941973564585,0.5758792853593303,0.8074965557996377,-0.2027984639762351
0.2357963612172042,0.4898694995525155,0.5062411397735261,0.1781596969196308,0.5777190266089175,0.1358178091478905,-0.078152099490405,-0.2868840200073572,0.6459553044376024,0.5761476176433751,0.8092718013439774,-0.2465387634843042
0.1665303836396518,0.489779878411439,0.5041038240076247,0.163098872226139,0.5757725229133543,0.1052971371219611,-0.1085843175464134,-0.3551648833644793,0.645223877422704,0.5760418913797598,0.807693066572888,-0.3094180032788154
0.2357686182462373,0.4902838279416059,0.5008675742894828,0.2808291551291392,0.5744931419185123,0.1518044091113819,-0.1402565691776521,-0.4277856037117604,0.6445435516595397,0.5763655306038982,0.7986942938136153,-0.3778113568156808
0.2138532182324408,0.4885517492777815,0.5014417808723237,0.3344684718385018,0.5725901561496056,0.1538807284826094,-0.1975055270457922,-0.5279506260375698,0.6438291308025027,0.5762300473501616,0.7975674073558888,-0.4772543726700586
0.3431219044689399,0.4899180963748076,0.5025259837040368,0.2895158942738539,0.5722387109652722,0.1978977821980038,-0.0980225746387898,-0.3262517592060043,0.6426687203958498,0.5757884910960859,0.8073844069377512,-0.283419829050444
0.3794520336421357,0.4899610926863219,0.5022605893170543,0.4828424847481976,0.5721173446876449,0.2419719984867481,-0.161210362697449,-0.4654687472472258,0.6467414143262644,0.5754502212008741,0.8093154764323522,-0.4149125498263143
0.4199610869598625,0.4902002954509942,0.504335717762985,0.7292591885214764,0.5731538547590115,0.3018842899759321,-0.2370443878204846,-0.5961070908266569,0.6462319915688776,0.5751802485143809,0.8107589555960717,-0.5461444412636829
0.5007924841968144,0.4895217511408083,0.5075265774268172,0.64509255941456,0.5748350476118124,0.317413015877314,-0.1681653042962043,-0.4775111841766492,0.644260540311817,0.5755467746281454,0.8066621589031258,-0.4268286652288231
0.5424509072234363,0.4901094907698972,0.5096559598071619,0.4313591214231029,0.5766272608456763,0.3013526972772026,-0.0878850702193495,-0.3121411032177157,0.6436496160021554,0.5765408431926446,0.8067827329110536,-0.270026401291868
0.6293286713129993,0.4890757384275021,0.5091655446090858,0.4683358725144795,0.5789225470080901,0.3456903441084633,-0.0827467879910226,-0.2921934940258439,0.6417996360896767,0.5774959914771114,0.7851533752037667,-0.2520065544141219
0.6234956536122656,0.4900809306620768,0.5073834065122453,0.6109127248573699,0.5789941238163793,0.3628851540370775,-0.1179821582485034,-0.3763893832990287,0.6385363826562928,0.5778619230758507,0.7776818099389621,-0.3293319600971175
0.6085217652645867,0.4900318052920069,0.5063660487565885,0.6986101725954732,0.5798960148596947,0.3683133955444952,-0.1427408852854909,-0.433774684048589,0.635941505752933,0.5790127527225314,0.8040593487929393,-0.383393813770634
0.5454841121101518,0.4900499348699473,0.5069044262949614,0.8245350212906716,0.5806478102154409,0.3665079269352471,-0.2043921520117724,-0.5407721928533052,0.640004798399119,0.5802732155155663,0.8089629006166552,-0.4901288155937336
0.6116104985836905,0.4893075757514034,0.5089923697622746,0.6456628667822768,0.5817110587115005,0.3623630744359188,-0.1286551301121553,-0.4029825924309078,0.6427192008136525,0.580808665549086,0.7966763949046639,-0.3542022415265587
0.586613769013393,0.490153832787674,0.5094949510682969,0.6481922162513926,0.5842299573885629,0.3513494391660346,-0.1340695088106043,-0.4199891492220972,0.6418268612923961,0.5810030481652345,0.7944595033179391,-0.3695764167092997
0.662410360779463,0.4894949285030109,0.5098138000223984,0.7458301537626838,0.5845826371008284,0.4163792777205913,-0.1680581695766678,-0.4092419411086738,0.6397844585390847,0.5821335045699912,0.7850330532300657,-0.3673591796197544
0.7360165972945683,0.4901396412527338,0.5096537725598319,0.6628249469150714,0.5856493399575834,0.442906576091601,-0.1447204085913642,-0.330796063284851,0.6410742565401564,0.5823681478605545,0.7844760615179559,-0.2955788424924834
0.5460387117569904,0.489518892072569,0.5096790847601985,0.8203223786162267,0.585845771952958,0.4413533260354553,-0.3096542780175254,-0.441608776413923,0.646451015979632,0.5837344710637284,0.7827255357864943,-0.4265861680674774
0.1824212111242351,0.4901023235123992,0.5101399319847948,0.9733793523447116,0.5857690704829929,0.5075951797102781,-0.657482623361573,-0.501278370982796,0.6378149528034718,0.584059197121098,0.8010398208997348,-0.543516924164338
0.3766396513934815,0.4896583711181287,0.5200218883293674,0.9151536626629266,0.5858818233427737,0.5500316682606127,-0.5254540446355589,-0.41381431884651,0.6494777824510763,0.5848585559762288,0.8074921805292765,-0.4361716609747295
0.33168646835879,0.4902208618461323,0.5330331310112055,0.9374353760338138,0.5894620358478772,0.5549859121480222,-0.559494756743188,-0.4240256444273864,0.6393143334160066,0.5861268544019413,0.7911754275930742,-0.4510726682649546
0.3249205847474525,0.4900879869132937,0.5426658006813115,0.9403940391815848,0.5994116093079244,0.5046912853477263,-0.5421849905278397,-0.4678739877485252,0.645846551743909,0.5875525523649072,0.7729341062798898,-0.4923717398084173
0.308204993103428,0.4904417973541311,0.5551465753422343,0.949007308918,0.6058569441013302,0.458606657437631,-0.5341663251147992,-0.52347180198008,0.6449853194566293,0.5890798426727021,0.7706910557665941,-0.5463153463899925
0.4181127436647963,0.4894980708262967,0.559089982368568,0.9025228719846295,0.6120600590104245,0.4392731170387833,-0.4191171270829122,-0.5060551403727901,0.643125603022063,0.5905997281655537,0.7966314779280892,-0.5076119948113277
0.7030136781874522,0.4900722076405207,0.5640228378421572,0.6958610432698203,0.6155253566224157,0.4599159869651109,-0.1956845340640366,-0.3398804855820976,0.6472266237327576,0.5920269291627369,0.8082570886968352,-0.313130340562045
0.8281075939509939,0.4899582247566655,0.565414246322697,0.5350659452974863,0.6177845351398672,0.5101521547084469,-0.1628852476191166,-0.2282444034412209,0.645577979370066,0.5935982147469794,0.815515413166293,-0.2087534687010888
0.7569619374112715,0.4906472446102015,0.5613448748317108,0.6303128406760066,0.6196460139238701,0.560146949485338,-0.26491783164168,-0.2530122003757545,0.6517691813492925,0.5945484177599242,0.805174360493841,-0.2449312541634432
0.7280628203439993,0.4892805160391768,0.5591032699504049,0.6717189852121005,0.6215710168087106,0.5894173602467168,-0.3091809119147437,-0.2591523932741397,0.6462652444230614,0.5985305247352523,0.7718643028268852,-0.2558402500999219
0.7958223812746964,0.4900760429451947,0.5575367146748802,0.5885435545859701,0.6219694310417349,0.6038430523999639,-0.2795029677452205,-0.218970079674722,0.6477247813771118,0.5994807341450522,0.7726725395657252,-0.2142818814642668
0.7760481844334733,0.4901405640305982,0.5569052233946269,0.6122622532223524,0.6227210900918712,0.5866802645182863,-0.2775695747676102,-0.2347632970657155,0.6450652536239897,0.5997751569166164,0.7773030136721819,-0.2289588692768263
0.6109807214206707,0.4907177590360226,0.5567754406274913,0.7816258478414237,0.6222266039994996,0.5358396341093161,-0.3459827121744379,-0.3411103620834003,0.6479936019000179,0.5999400495533183,0.7785942246188268,-0.3386687271452081
0.7854585914448996,0.4893284584807463,0.5567779770394028,0.5876383772085568,0.6233543850409851,0.5689404480176284,-0.2568742172596503,-0.2323738160182998,0.6465366996348108,0.6008595071058304,0.7826198762407858,-0.2250455572464742
0.6248103318776201,0.4903215055880578,0.5567706387912816,0.7603686981078919,0.6230437616478818,0.5889533614368909,-0.3766600952228864,-0.3026007076318226,0.646319387890748,0.6011847126029236,0.7785163679930519,-0.3066855103493348
0.3959754412569705,0.4899454493392965,0.5567703770066673,0.9048996311770476,0.6241655552361844,0.5737522651966774,-0.5241800120222814,-0.3916241326536294,0.6468257796975428,0.6010134221674156,0.7904984982218806,-0.4140980494620698
0.6620122595081639,0.4907118565615129,0.5575166335006421,0.7347508515785772,0.6271885763516732,0.6035869084298724,-0.3629137651961677,-0.2839072655906156,0.6463897765265804,0.6019578615127702,0.7776962177343871,-0.2865924947218192
0.6311445791791169,0.4896818944604055,0.5594021068412793,0.7642358212042778,0.6296526859389151,0.6285147911802009,-0.3970390109350254,-0.285306578430976,0.6456846228236006,0.6029095425111602,0.7684484740927755,-0.2923864119189486
0.6417278286874463,0.4905196932865899,0.5604479146279882,0.7541201210825483,0.6301018287457261,0.6085836203767394,-0.3781176056872115,-0.2895769486599889,0.6463027976541119,0.6057084764429168,0.7641760322971984,-0.2940702560353938
0.5164661725106345,0.489619610939366,0.5603627498837757,0.8366358667412492,0.6305059614098266,0.5857816730462638,-0.4479600525539789,-0.34505360323903,0.6478512661923772,0.606055556475196,0.766426321265559,-0.3577274555701132
0.4073101458986463,0.4903165743946215,0.5622765605351586,0.907134767564986,0.631051567931014,0.5295493232369451,-0.4916533531230941,-0.4220222088193675,0.6464103695451807,0.6067923605184473,0.7780641421632244,-0.4391857176600059
0.1777581944608964,0.4900710602450189,0.5659675896248902,0.979353160184476,0.6315909363843479,0.5313648201185014,-0.6663999871740351,-0.4793826601324013,0.6483174127570589,0.6070045935992536,0.7857324516686732,-0.5224819866894979
0.2889463002530987,0.4906258170577224,0.5776811640101759,0.948996333834314,0.6341832174761675,0.5498043243579448,-0.5866935160905943,-0.4370888632033745,0.6532587920380243,0.6089909349482336,0.7807956745136072,-0.4680342148226529
0.6466215842827321,0.4884865770249773,0.5892753208184687,0.7441908211663869,0.6392346700825053,0.5485319698070132,-0.3296945576719647,-0.3139435232619341,0.6510413416493073,0.6103687180453776,0.7776564810593998,-0.3108897455735839
0.7427350457406626,0.4901448606923645,0.5914515221095309,0.6575404908882161,0.6423859213494568,0.5560285428587152,-0.2701653897572374,-0.2663212420217125,0.6524790377228756,0.6114159178535988,0.7753353297054032,-0.2574471523159768
0.5060873243603714,0.4899783346084765,0.5905685302971057,0.8525701072875536,0.6438812998806095,0.5577476101066721,-0.4357539307789048,-0.3675399088475166,0.6583487938911221,0.6129601352907833,0.774096170559582,-0.3777540526085065
0.4085314078742976,0.4906381705904959,0.5911116888237661,0.9003103883449062,0.6441964803921514,0.5232950521745948,-0.4888144283723518,-0.4247136841103123,0.6505695551566105,0.6139845965574623,0.7782344952699884,-0.4418431100577598
0.3489774770370888,0.4890071436117666,0.5916247668783695,0.9318191732408332,0.6442502192066712,0.5128374188057282,-0.5273191826146572,-0.4547089899875781,0.6477683285305752,0.6145851198177108,0.7885174736209049,-0.4769335710253189
0.3519845089868363,0.4903089497764223,0.5962089440375434,0.9309957347969364,0.6442521362847832,0.5652764800473119,-0.5474905540205403,-0.4112183296949443,0.6515156244386837,0.6149105526723146,0.7901248019740429,-0.4365927791855852
0.2229709987636674,0.4896887313471385,0.6015500176548467,0.9657523392743832,0.644252204674615,0.5424104932021573,-0.6329010448986472,-0.4582407215594151,0.6530508405435488,0.616516863531726,0.7853808744010117,-0.4957317196407028
0.2956932881085596,0.4909300782514826,0.6068934226767582,0.9496853088140896,0.6442522071143534,0.4719397153467302,-0.543995542732056,-0.5100635954406381,0.6552863960941866,0.6176738693632638,0.780405126777589,-0.5339920457461484
0.3873751367494543,0.4882540296003392,0.6187672729143857,0.9192644889244328,0.6467022162460642,0.4528730381349591,-0.4559883131970725,-0.5026128591534633,0.6564260907258451,0.6195003487664582,0.8074045673517615,-0.5114822031373994
0.4668759803687334,0.4901562052069782,0.6227704769626525,0.8812461785424237,0.6620813108446801,0.4067834558137319,-0.3364269867183912,-0.5284567925354884,0.6579791068170835,0.6223096345180159,0.8066169493002322,-0.5105332486378898
0.5491436190403723,0.4900629531544943,0.6260010689202713,0.8319970035586134,0.6688255793509928,0.3942942553110879,-0.2407674817794775,-0.5017957908337471,0.6543121550540181,0.6238888992499557,0.8070107264624095,-0.4649327243167385
0.3202296192618811,0.4914065759244547,0.6265667966134674,0.943015143236231,0.6722058239834259,0.3921223733136967,-0.4719293071430638,-0.6162204565632512,0.6614347251314805,0.6256684742967112,0.782000529285569,-0.6228436252069206
0.4958111000176501,0.4878585718148197,0.6289702346767929,0.8633260149619167,0.6738607871344316,0.398902224572853,-0.3011681194664851,-0.5242482057304525,0.65754244183558,0.6286146878534473,0.7812107729808323,-0.499257774565651
0.5413323913056032,0.4902239287156822,0.6302993885807447,0.8377204593024761,0.6751016735505362,0.4086920139016656,-0.2687780492224084,-0.4871830959848829,0.6574029734040238,0.6312979028136878,0.8064465386484504,-0.4583675892762299
0.6037585144798692,0.4897780982326999,0.6314378168724734,0.7928210698656644,0.6765955352238977,0.3956746144648496,-0.1890705072483419,-0.4663682841509423,0.65658331654407,0.6326203360776201,0.8063363027045654,-0.4219574408767613
0.6278915050635736,0.4910040409269648,0.6290086208300429,0.7726686630620304,0.6782420746689755,0.447503474728102,-0.2391870857591374,-0.3989006700930892,0.6564627846135233,0.6330460716679082,0.8036469914704165,-0.3727949174505026
0.5289628684515696,0.4895246027996536,0.6277590177813508,0.8436799092159056,0.6794402618879246,0.4824370267695727,-0.3596587958705103,-0.415040906934389,0.6620831786500655,0.6335117765067272,0.8075162095562222,-0.4104647539606813
0.6754181401731876,0.490622833911409,0.6275596163436838,0.726752409390302,0.679410383105782,0.4426258250972124,-0.1933020655003496,-0.3719939137553266,0.6573526739559805,0.634602240177218,0.8044763974322204,-0.3405501420548407
0.6213806360231826,0.4900796346358919,0.6261821598571101,0.7769368033538081,0.6795315855976858,0.4386511461786222,-0.2351485091865782,-0.4085610674387687,0.6597716575036321,0.6362264554769389,0.794651888703485,-0.3809283926115884
0.4711601096102037,0.4911228577285469,0.6228143387630317,0.8748568839934089,0.6791780653897588,0.4814018578678623,-0.4066436262996009,-0.4391646631845454,0.6576342469290152,0.6365621703915534,0.8058723070001795,-0.441560815375583
0.5110532134517544,0.4891027633524977,0.6241274866326132,0.8419220464244124,0.6786705535432409,0.4813671745811686,-0.3731354771721144,-0.4175467561162011,0.6603108532498299,0.6373688404433974,0.8136859197544376,-0.4155940938169208
0.7358225118098501,0.4906997311756806,0.6259500874239302,0.6332388783370347,0.6795668669403123,0.4244034988974683,-0.1126711193465965,-0.3252611930315744,0.6589882476554676,0.6396673966199649,0.8079620188119755,-0.2848764256879109
0.6829449532373416,0.4900111988324161,0.6219159082061739,0.5500605111826544,0.6794119499094905,0.3821957050768902,-0.0929640100991982,-0.3114666157091911,0.6602783025724319,0.639937240411066,0.7895407356657445,-0.2695362186099366
0.7198006374840888,0.4907889378665624,0.6151989671772361,0.6675483783046516,0.6780071684648604,0.42210074190323,-0.1232614486143821,-0.3488334245649022,0.656367020107701,0.6405882410281343,0.7845052592056109,-0.3067618644904722
0.7157924775765927,0.4884137072544295,0.6101706417458286,0.6890061678060196,0.677945737191656,0.4528024418738833,-0.1737031195573918,-0.3390596834806761,0.6585858379870776,0.6403479555391193,0.7955993953926409,-0.3077114828344274
0.8068060704703744,0.4904778560328245,0.6060899804945549,0.5360238080611951,0.6763321422442774,0.432380006031868,-0.0675213678135697,-0.2605604666027727,0.657210014714856,0.6404389055411814,0.8091968632305947,-0.2232426452987036
0.9559122566771956,0.4900780858030643,0.6027480316407622,0.2316171073815064,0.6746779819392166,0.4712574438445742,-0.0173732301429909,-0.0977213117916922,0.6576219577288487,0.6401104553346763,0.8037948317110274,-0.0833974168964627
0.9050647398578698,0.491120254407962,0.598087215757225,0.2688973097648612,0.6739384530027361,0.4495705611178371,-0.021404567756393,-0.117116747859056,0.6565530170076949,0.6400002304866322,0.794964293292755,-0.0991224817916126
0.8617419276458904,0.4882874117149118,0.5923976462960904,0.0671665974355804,0.673794209596568,0.416767668117271,-0.0131976453761956,-0.0342319551193315,0.6558153103926283,0.6376422695896057,0.811068062436676,-0.0313986670455369
0.8518176290451943,0.4906158956572189,0.5852615625251445,-0.3197527628640736,0.6677035690189563,0.4121009233463515,-0.0329335114610183,0.1568314483961026,0.6549870438445156,0.6372365977779899,0.819469682956856,0.125088213427388
0.8127589243399426,0.4895379047852018,0.5803660208162386,-0.5540350550982437,0.6625932014145076,0.4119689831769274,-0.078247218803324,0.2861608066613226,0.6542404413206536,0.6362188339931922,0.8045302123807129,0.2409773278188007
0.7326795640197272,0.490888279432172,0.575179747273007,-0.6856600645741179,0.645858472723717,0.3966697516312844,-0.1333779537405123,0.3792618759538621,0.6535046850518025,0.6349852968397626,0.806536663106208,0.3334564150074251
0.6806377342407254,0.4891974021274612,0.572756211429629,-0.6609518439161097,0.6443095091100509,0.3748670196960167,-0.1477399338347664,0.3882928231062524,0.6555689509664744,0.6336897710507964,0.8063964849762137,0.3390426200140022
0.7439687554670722,0.4909728451416152,0.5706831756175065,-0.6336392209138729,0.6442542513924018,0.3918078303278848,-0.1133329730389263,0.3524799357179549,0.6499498775177146,0.6331105462305532,0.8060377378843111,0.301534911135654
0.9049523918511292,0.4893360854491972,0.5687320417535281,-0.2813801762860101,0.64425228012895,0.4352300305366127,-0.0267591255840909,0.130779066509166,0.6529805240347946,0.6329322256667711,0.8096831191253658,0.1039252570812252
0.9453489951893324,0.4911729668505117,0.5673868476795804,-0.3069115863435406,0.6442522098061108,0.4577162142048104,-0.0301789272211736,0.134288546297668,0.6520198737145589,0.6325694978417313,0.8085989400717657,0.1082550005825741
0.8759751288248759,0.4882279296456304,0.5616597027077382,-0.4619364788077885,0.6442522072974141,0.4712009559359673,-0.11206165284486,0.2019742756204165,0.6502934660636842,0.6319490266330141,0.8079585557161937,0.17304476786991
0.6260173921651113,0.4904996275489034,0.558534669606289,-0.7683639966502716,0.6442522072079192,0.4629000309234366,-0.3159796332272217,0.3628872835067012,0.6515077617742362,0.6309700989276701,0.8066342138071371,0.349593980491632
0.3612178901310382,0.4890569143871187,0.5590382966643166,-0.9242462594461016,0.6438493854290916,0.4733092584915834,-0.551413356688471,0.4431701639929523,0.650998263965602,0.6268918281169251,0.8093678983415046,0.4654349036578468
0.100104593303118,0.4910831152284552,0.5612040247490498,-0.9877447673243688,0.6437701193629477,0.4312376996589019,-0.7855890269641937,0.5473882181922114,0.6626580285710667,0.6259875137785639,0.8179895932918807,0.6156091763992498
0.4502750194224166,0.4896206296689636,0.5774597090044514,-0.8823136949011688,0.6429909032571338,0.3877749086415545,-0.4141777232084505,0.5284537269086828,0.6531041985344624,0.6252500814843829,0.8059427317735388,0.5228161953901013
0.5858701889211794,0.490972758333261,0.585254607596052,-0.7789444393001833,0.6441809599599765,0.3545402098387027,-0.2215831484967217,0.5040354068984785,0.6530801037729296,0.6246202395898124,0.8122251799326974,0.4554760488147417
0.6169123380194411,0.4884077919032166,0.5907694466151932,-0.7839106651763522,0.6442496655308774,0.4060013369416147,-0.2604306243236532,0.4320804040610536,0.6539133712747116,0.6238535225304007,0.8317694092673006,0.4028401793932973
0.6731314035442628,0.4907094764228356,0.5916783960592318,-0.7305965070743055,0.6442521165329564,0.42112997714452,-0.227438729021498,0.3823134578699654,0.6519118419722998,0.6243126529715417,0.8255976547841268,0.3507488176584665
0.7571423220061629,0.4772809108659655,0.5915887404834379,-0.6055238383418425,0.6442522039699884,0.3964616906219605,-0.1059930094891331,0.3290802381314601,0.6522531872898544,0.6243650657340805,0.7868308750270349,0.2799805975100683
0.700966066792328,0.4909894918303878,0.5871041536321943,-0.6406234503001471,0.6442522070892163,0.3735358691512491,-0.1249784942129613,0.3780052182684921,0.6534679139809458,0.6246196523844312,0.8075146540173496,0.324696045094988
0.6186175509254674,0.4876122671980026,0.5835632795982483,-0.579566432468146,0.6442522072004918,0.3312951471624713,-0.1309424245221012,0.3832186228934749,0.6536376390442853,0.625298943444116,0.8142149363879324,0.3296620345913274
0.6497090551088336,0.4904112345589296,0.5810840492694965,-0.5618496518515422,0.6442522072044612,0.3418777832608926,-0.1155341125932669,0.3567331414989037,0.6519319386377911,0.6244895208509804,0.8248570373117987,0.3041846819888064
0.7810608813512725,0.4895851011535865,0.5789358095366074,-0.5055099406111705,0.6442522072046029,0.3923713362104781,-0.0719765935597993,0.2721223430098814,0.6501347982653187,0.6241789731103702,0.8125167523740109,0.2257045637204871
0.6753008853045054,0.4910535034890007,0.5740981341387513,-0.4084626503987061,0.6442522072046073,0.3353409963495485,-0.0636491046251315,0.2544696441041378,0.6501081644348078,0.6240889775153479,0.8150753193826434,0.2093382840834317
0.6442974858719277,0.4890872537654536,0.569911062630321,-0.4553789748400562,0.6442522072046073,0.326477858211067,-0.0826557090794443,0.2953041757892409,0.6495033204354097,0.6230491646745078,0.8092191282084592,0.2465868135173837
0.6328580418508027,0.4907947245295099,0.5670155368605487,-0.2232482719610714,0.643894081619348,0.3036535248619494,-0.0297699947082716,0.1447443346352903,0.6494664777464519,0.6222115792011039,0.8084358132275418,0.1149885396765264
0.5537960500476096,0.4894039614404211,0.5618196429696186,0.0415927716940381,0.6423246261997353,0.2706668683476905,-0.013666151885086,-0.0319288889283091,0.6481312191937254,0.6213609865530503,0.8082014032182182,-0.0294195703043301
0.5470348499782742,0.4902030153355614,0.5577067208593094,0.1009256483104295,0.6400334316179381,0.2696198272823913,-0.0126652595503497,-0.072202000153098,0.6473459200306863,0.6200746430570828,0.8095397940266003,-0.0620675652989739
